/* SQL PROYECTO
    Felipe Calvache - Hernan Sanchez
*/


-- PoblarOK

-- FACTURAS
INSERT INTO FACTURAS VALUES (1, TO_DATE('2024-03-01', 'YYYY-MM-DD'));
INSERT INTO FACTURAS VALUES (2, TO_DATE('2024-03-03', 'YYYY-MM-DD'));
INSERT INTO FACTURAS VALUES (3, TO_DATE('2024-03-04', 'YYYY-MM-DD'));
INSERT INTO FACTURAS VALUES (4, TO_DATE('2024-03-05', 'YYYY-MM-DD'));
INSERT INTO FACTURAS VALUES (5, TO_DATE('2024-03-05', 'YYYY-MM-DD'));

-- ENVIOS
INSERT INTO ENVIOS VALUES (1, TO_DATE('2024-02-24', 'YYYY-MM-DD'), 'Deprisa', 10000, 'P', 'Calle 1 #7-39');
INSERT INTO ENVIOS VALUES (2, TO_DATE('2025-04-01', 'YYYY-MM-DD'), 'Servientrega', 11000, 'P', 'Calle 123 #45-67');
INSERT INTO ENVIOS VALUES (3, TO_DATE('2025-04-03', 'YYYY-MM-DD'), 'Envia', 7500, 'D', 'Cra 10 #20-30');
INSERT INTO ENVIOS VALUES (4, TO_DATE('2025-04-04', 'YYYY-MM-DD'), 'Deprisa', 8000, 'E', 'Av El Dorado 742');
INSERT INTO ENVIOS VALUES (5, TO_DATE('2025-04-05', 'YYYY-MM-DD'), NULL, 6500, 'C', 'Calle 129 #13-23');

-- SEDES
INSERT INTO SEDES VALUES (1, 'Calle 142 #9-19');
INSERT INTO SEDES VALUES (2, 'Cra 5 #10-20');
INSERT INTO SEDES VALUES (3, 'Calle 8 #12-25');
INSERT INTO SEDES VALUES (4, 'Av 30 #45-60');
INSERT INTO SEDES VALUES (5, 'Transv 12 #34-56');

-- EMPLEADOS
INSERT INTO EMPLEADOS VALUES (10000, 'Felipe Calvache', 'A', '3233919833', 'felipecalvache@gmail.com', 'Bogotá', 1);
INSERT INTO EMPLEADOS VALUES (10001, 'Manuel Pinzón', 'V', '3001234567', 'manuelp@empresa.com', 'Bogotá', 2);
INSERT INTO EMPLEADOS VALUES (10002, 'Jeider Rodriguez', 'C', '3017654321', 'jeiderrodriguez@empresa.com', 'Cali', 3);
INSERT INTO EMPLEADOS VALUES (10003, 'Juan Caina', 'D', '3024567890', 'juancaina@empresa.com', 'Medellín', 4);
INSERT INTO EMPLEADOS VALUES (10004, 'Diego Santos', 'A', '3032345678', 'diegosantos@empresa.com', 'Cali', 5);

-- CLIENTES
INSERT INTO CLIENTES VALUES (1, 'CE', 1001064920, 'Hernan Sanchez', NULL, '322778998', 'hernansanchez@hotmail.com', TO_DATE('2003-03-01', 'YYYY-MM-DD'));
INSERT INTO CLIENTES VALUES (2, 'CC', 1003872516, 'Laura Herrera', 'Calle 145 #7-30', '3152345678', 'laura@mail.com', TO_DATE('1990-05-10', 'YYYY-MM-DD'));
INSERT INTO CLIENTES VALUES (3, 'CE', 1001584123, 'Cristhian Torres', 'Cra 11c #127-82', '3163456789', 'cristhian@mail.com', TO_DATE('1988-07-21', 'YYYY-MM-DD'));
INSERT INTO CLIENTES VALUES (4, 'NIT', 1000124431, 'Juan Arismendi', 'Av 78', '3174567890', 'juan@mail.com', TO_DATE('1985-03-30', 'YYYY-MM-DD'));
INSERT INTO CLIENTES VALUES (5, 'P', 1002154712, 'Fabiana Forero', 'Transv 10', '3185678901', 'fabiana@mail.com', TO_DATE('1992-12-05', 'YYYY-MM-DD'));

-- PRODUCTOS
INSERT INTO PRODUCTOS VALUES ('UAC22', 'Aguardiente Antioqueño 375ml', 25000, 27500);
INSERT INTO PRODUCTOS VALUES ('RMA78', 'Ron Medellín 8 años 750ml', 70000, 77000);
INSERT INTO PRODUCTOS VALUES ('TDJ12', 'Tequila Don Julio Reposado Reserva700 ml', 270000, 297000);
INSERT INTO PRODUCTOS VALUES ('WOP23', 'Whisky Old Parr 12 Años 750 ml', 140000, 154000);
INSERT INTO PRODUCTOS VALUES ('VAA64', 'Vodka Absolut Azul 700 ml', 80000, 88000);

-- VENTAS
INSERT INTO VENTAS VALUES (1, TO_DATE('2024-02-24', 'YYYY-MM-DD'), 1, 10000, 1, 1);
INSERT INTO VENTAS VALUES (2, TO_DATE('2024-04-05', 'YYYY-MM-DD'), 2, 10001, 2, 2);
INSERT INTO VENTAS VALUES (3, TO_DATE('2024-04-06', 'YYYY-MM-DD'), 3, 10002, 3, 3);
INSERT INTO VENTAS VALUES (4, TO_DATE('2024-04-07', 'YYYY-MM-DD'), 4, 10003, 4, 4);
INSERT INTO VENTAS VALUES (5, TO_DATE('2024-04-08', 'YYYY-MM-DD'), 5, 10004, 5, 5);

-- PROVEEDORES
INSERT INTO PROVEEDORES VALUES (1, 'Industria de Licores', 'calle 100 #56-32', '52670152', 'industriaslicores@gmail.com');
INSERT INTO PROVEEDORES VALUES (2, 'Nacional de Licores', 'Calle 11 #12-34', '3101234567', 'nacionallicores@abc.com');
INSERT INTO PROVEEDORES VALUES (3, 'Bermudas', 'Cra 15 #45-67', '3204567890', 'bermudas@valle.com');
INSERT INTO PROVEEDORES VALUES (4, 'Bebidas Elite', 'Av 20 #33-22', '3009988776', 'bebidaselite@bebidas.com');
INSERT INTO PROVEEDORES VALUES (5, 'Exportadora RONCO', 'Calle 99 #88-77', '3112345678', 'ronco@export.com');

-- TipoProductos
INSERT INTO TipoProductos VALUES (1, 'UAC22');
INSERT INTO TipoProductos VALUES (2, 'RMA78');
INSERT INTO TipoProductos VALUES (3, 'TDJ12');
INSERT INTO TipoProductos VALUES (4, 'WOP23');
INSERT INTO TipoProductos VALUES (5, 'VAA64');

-- PEDIDOS
INSERT INTO PEDIDOS VALUES (1, TO_DATE('2024-01-02', 'YYYY-MM-DD'), 'E', 1, 10000);
INSERT INTO PEDIDOS VALUES (2, TO_DATE('2024-03-15', 'YYYY-MM-DD'), 'P', 2, 10001);
INSERT INTO PEDIDOS VALUES (3, TO_DATE('2024-03-16', 'YYYY-MM-DD'), 'E', 3, 10002);
INSERT INTO PEDIDOS VALUES (4, TO_DATE('2024-03-17', 'YYYY-MM-DD'), 'D', 4, 10003);
INSERT INTO PEDIDOS VALUES (5, TO_DATE('2024-03-18', 'YYYY-MM-DD'), 'C', 5, 10004);

-- DetalleDePedidos
INSERT INTO DetalleDePedidos VALUES (1, 50, 25000, 1, 'UAC22');
INSERT INTO DetalleDePedidos VALUES (2, 5, 70000, 2, 'RMA78');
INSERT INTO DetalleDePedidos VALUES (3, 2, 270000, 3, 'TDJ12');
INSERT INTO DetalleDePedidos VALUES (4, 1, 140000, 4, 'WOP23');
INSERT INTO DetalleDePedidos VALUES (5, 3, 80000, 5, 'VAA64');

-- DetalleDeVentas
INSERT INTO DetalleDeVentas VALUES (1, 22, 27500, 'UAC22', 1);
INSERT INTO DetalleDeVentas VALUES (2, 1, 77000, 'RMA78', 2);
INSERT INTO DetalleDeVentas VALUES (3, 2, 297000, 'TDJ12', 3);
INSERT INTO DetalleDeVentas VALUES (4, 1, 154000, 'WOP23', 4);
INSERT INTO DetalleDeVentas VALUES (5, 3, 88000, 'VAA64', 5);

-- ELECTRONICAS
INSERT INTO ELECTRONICAS VALUES ('asic@gmail.com', 'ASIC Limitada', 1);
INSERT INTO ELECTRONICAS VALUES ('factura1@empresa.com', 'LicoresOnline', 2);
INSERT INTO ELECTRONICAS VALUES ('factura2@empresa.com', 'BebidasYA', 3);

-- FISICAS
INSERT INTO FISICAS VALUES ('3145559837', 4);
INSERT INTO FISICAS VALUES ('3213333911', 5);

-- VALORACIONES
INSERT INTO VALORACIONES VALUES (1, 7, 'Muy bueno todo pero podría mejorar', TO_DATE('2024-01-02', 'YYYY-MM-DD'), 1, 'UAC22');
INSERT INTO VALORACIONES VALUES (2, 9, 'Producto en mal estado', TO_DATE('2024-04-01', 'YYYY-MM-DD'), 2, 'RMA78');
INSERT INTO VALORACIONES VALUES (3, 10, 'Muy buen tequila', TO_DATE('2024-04-02', 'YYYY-MM-DD'), 3, 'TDJ12');
INSERT INTO VALORACIONES VALUES (4, 8, 'Buen whisky', TO_DATE('2024-04-03', 'YYYY-MM-DD'), 4, 'WOP23');
INSERT INTO VALORACIONES VALUES (5, 7, 'Vodka aceptable', TO_DATE('2024-04-04', 'YYYY-MM-DD'), 5, 'VAA64');

-- PRECIOS
INSERT INTO PRECIOS VALUES (1, 'UAC22', 25000);
INSERT INTO PRECIOS VALUES (2, 'RMA78', 70000);
INSERT INTO PRECIOS VALUES (3, 'TDJ12', 270000);
INSERT INTO PRECIOS VALUES (4, 'WOP23', 140000);
INSERT INTO PRECIOS VALUES (5, 'VAA64', 80000);

